[{"model": "core.userprofile", "pk": 1, "fields": {"user": 1, "role": "admin"}}, {"model": "core.userprofile", "pk": 2, "fields": {"user": 2, "role": "attendant"}}, {"model": "core.userprofile", "pk": 4, "fields": {"user": 4, "role": "attendant"}}, {"model": "core.userprofile", "pk": 5, "fields": {"user": 5, "role": "attendant"}}, {"model": "core.userprofile", "pk": 6, "fields": {"user": 6, "role": "attendant"}}, {"model": "core.storesettings", "pk": 1, "fields": {"store_name": "ECS STORE", "is_setup_complete": true}}, {"model": "core.storesettings", "pk": 2, "fields": {"store_name": "EXPERTCYBERSERVICES", "is_setup_complete": false}}, {"model": "core.storesettings", "pk": 3, "fields": {"store_name": "BEJACARSON COMPUTERS", "is_setup_complete": true}}, {"model": "core.category", "pk": 1, "fields": {"name": "WATCHES", "created_at": "2026-05-28T06:09:04.268Z"}}, {"model": "core.category", "pk": 2, "fields": {"name": "SPEAKERS", "created_at": "2026-05-28T06:09:04.273Z"}}, {"model": "core.category", "pk": 3, "fields": {"name": "EXTENSIONS", "created_at": "2026-05-28T06:09:04.277Z"}}, {"model": "core.category", "pk": 4, "fields": {"name": "FLASH DISKS", "created_at": "2026-05-28T06:09:04.281Z"}}, {"model": "core.category", "pk": 5, "fields": {"name": "BULBS", "created_at": "2026-05-28T06:09:04.285Z"}}, {"model": "core.category", "pk": 6, "fields": {"name": "TORCHES", "created_at": "2026-05-28T06:09:04.289Z"}}, {"model": "core.category", "pk": 7, "fields": {"name": "BANNERS", "created_at": "2026-05-28T06:09:04.292Z"}}, {"model": "core.category", "pk": 8, "fields": {"name": "HEATERS", "created_at": "2026-05-28T06:09:04.297Z"}}, {"model": "core.category", "pk": 9, "fields": {"name": "CABLES", "created_at": "2026-05-28T06:09:04.300Z"}}, {"model": "core.category", "pk": 10, "fields": {"name": "EARPHONES", "created_at": "2026-05-28T06:09:04.303Z"}}, {"model": "core.category", "pk": 11, "fields": {"name": "PODS", "created_at": "2026-05-28T06:09:04.306Z"}}, {"model": "core.category", "pk": 12, "fields": {"name": "RADIOS", "created_at": "2026-05-28T06:09:04.310Z"}}, {"model": "core.category", "pk": 14, "fields": {"name": "HANDKERCHIEF", "created_at": "2026-05-28T09:43:19.599Z"}}, {"model": "core.category", "pk": 15, "fields": {"name": "GLASSES", "created_at": "2026-05-28T09:55:46.542Z"}}, {"model": "core.category", "pk": 16, "fields": {"name": "SERVICES", "created_at": "2026-05-28T10:52:40.279Z"}}, {"model": "core.category", "pk": 17, "fields": {"name": "MEMORY CARD", "created_at": "2026-05-30T12:03:30.558Z"}}, {"model": "core.category", "pk": 18, "fields": {"name": "SHOPPING BAGS", "created_at": "2026-07-06T06:48:14.185Z"}}, {"model": "core.category", "pk": 19, "fields": {"name": "BLUETOOTH SPEAKERS", "created_at": "2026-07-06T07:41:31.964Z"}}, {"model": "core.category", "pk": 20, "fields": {"name": "PAPER BAGS", "created_at": "2026-07-13T09:05:09.814Z"}}, {"model": "core.category", "pk": 21, "fields": {"name": "CHARGERS", "created_at": "2026-07-14T05:52:02.173Z"}}, {"model": "core.category", "pk": 22, "fields": {"name": "EARPHONE", "created_at": "2026-07-14T06:11:55.571Z"}}, {"model": "core.category", "pk": 23, "fields": {"name": "WIRELESS SINGLE EARPHONE", "created_at": "2026-07-14T06:20:54.066Z"}}, {"model": "core.category", "pk": 24, "fields": {"name": "KEYHOLDERS", "created_at": "2026-07-21T14:00:13.652Z"}}, {"model": "core.product", "pk": 1, "fields": {"name": "BLUETOTH SPEAKER", "category": 19, "buying_price": "350.00", "selling_price": "650.00", "quantity": 1, "image": "products/CASTON_BT.jpg", "created_at": "2026-05-28T07:25:24.357Z", "updated_at": "2026-07-06T07:41:51.801Z"}}, {"model": "core.product", "pk": 2, "fields": {"name": "HANDKERCHIEF", "category": 14, "buying_price": "30.00", "selling_price": "50.00", "quantity": 9, "image": "products/11Z_2102.w011.n001.436A.p30.436.jpg", "created_at": "2026-05-28T09:46:21.779Z", "updated_at": "2026-05-28T09:52:07.072Z"}}, {"model": "core.product", "pk": 3, "fields": {"name": "RCA", "category": 9, "buying_price": "30.00", "selling_price": "100.00", "quantity": 19, "image": "products/RCA.jpg", "created_at": "2026-05-28T09:54:50.047Z", "updated_at": "2026-07-21T14:02:43.057Z"}}, {"model": "core.product", "pk": 4, "fields": {"name": "SUN GLASSES", "category": 15, "buying_price": "30.00", "selling_price": "100.00", "quantity": 44, "image": "products/GLASSES_.jpg", "created_at": "2026-05-28T09:57:37.951Z", "updated_at": "2026-07-13T06:33:58.625Z"}}, {"model": "core.product", "pk": 5, "fields": {"name": "TYPE C CABLES", "category": 9, "buying_price": "100.00", "selling_price": "200.00", "quantity": 9, "image": "products/TYPE_C_CABLES.jpg", "created_at": "2026-05-30T07:00:14.455Z", "updated_at": "2026-05-30T07:00:24.514Z"}}, {"model": "core.product", "pk": 6, "fields": {"name": "32 BIT MEMORY ADAPTER", "category": 17, "buying_price": "350.00", "selling_price": "1300.00", "quantity": 10, "image": "products/32_GB_MEMORY_ADAPTER.jpg", "created_at": "2026-05-30T12:11:25.475Z", "updated_at": "2026-05-30T12:11:25.475Z"}}, {"model": "core.product", "pk": 7, "fields": {"name": "SHOPPING BAG", "category": 18, "buying_price": "35.00", "selling_price": "50.00", "quantity": 1, "image": "products/shopping_bags_.jpg", "created_at": "2026-07-06T06:57:12.046Z", "updated_at": "2026-07-06T06:57:24.672Z"}}, {"model": "core.product", "pk": 9, "fields": {"name": "AMAYA TYPE C CABLES", "category": 9, "buying_price": "60.00", "selling_price": "200.00", "quantity": 3, "image": "products/Amaya_Type_C_cable.jpg", "created_at": "2026-07-14T05:50:54.739Z", "updated_at": "2026-07-14T05:50:54.739Z"}}, {"model": "core.product", "pk": 10, "fields": {"name": "TYPE C CHARGERS", "category": 21, "buying_price": "150.00", "selling_price": "300.00", "quantity": 3, "image": "products/TYPE_C_CHARGERS_.jpg", "created_at": "2026-07-14T06:17:23.829Z", "updated_at": "2026-07-21T14:02:59.505Z"}}, {"model": "core.product", "pk": 11, "fields": {"name": "WIRELESS SINGLE EARPHONE", "category": 23, "buying_price": "180.00", "selling_price": "400.00", "quantity": 1, "image": "products/WIRELESS_SINGLE_EARPHONE.jpg", "created_at": "2026-07-14T06:22:05.581Z", "updated_at": "2026-07-14T06:22:05.581Z"}}, {"model": "core.product", "pk": 12, "fields": {"name": "CAR KEYHOLDERS", "category": 24, "buying_price": "50.00", "selling_price": "100.00", "quantity": 11, "image": "products/Car_Key_Holders.jpg", "created_at": "2026-07-21T14:01:37.697Z", "updated_at": "2026-07-21T14:01:37.697Z"}}, {"model": "core.product", "pk": 13, "fields": {"name": "GAS BURNER AND VALVE", "category": 7, "buying_price": "150.00", "selling_price": "250.00", "quantity": 1, "image": "products/GAS_BURNER__VALVE.jpg", "created_at": "2026-07-21T14:07:39.071Z", "updated_at": "2026-07-21T14:07:39.071Z"}}, {"model": "core.sale", "pk": 2, "fields": {"product": 2, "product_name": "HANDKERCHIEF", "selling_price": "50.00", "buying_price": "30.00", "quantity": 1, "attendant": 2, "timestamp": "2026-05-28T09:52:07.064Z"}}, {"model": "core.sale", "pk": 3, "fields": {"product": 3, "product_name": "RCA", "selling_price": "100.00", "buying_price": "40.00", "quantity": 1, "attendant": 2, "timestamp": "2026-05-28T09:55:02.521Z"}}, {"model": "core.sale", "pk": 4, "fields": {"product": 4, "product_name": "SUN GLASSES", "selling_price": "100.00", "buying_price": "30.00", "quantity": 1, "attendant": 2, "timestamp": "2026-05-28T09:57:51.258Z"}}, {"model": "core.sale", "pk": 5, "fields": {"product": 4, "product_name": "SUN GLASSES", "selling_price": "100.00", "buying_price": "30.00", "quantity": 1, "attendant": 5, "timestamp": "2026-05-29T15:33:02.843Z"}}, {"model": "core.sale", "pk": 6, "fields": {"product": 4, "product_name": "SUN GLASSES", "selling_price": "100.00", "buying_price": "30.00", "quantity": 1, "attendant": 5, "timestamp": "2026-05-29T15:33:07.832Z"}}, {"model": "core.sale", "pk": 7, "fields": {"product": 5, "product_name": "TYPE C CABLES", "selling_price": "200.00", "buying_price": "100.00", "quantity": 1, "attendant": 5, "timestamp": "2026-05-30T07:00:24.491Z"}}, {"model": "core.sale", "pk": 8, "fields": {"product": 4, "product_name": "SUN GLASSES", "selling_price": "100.00", "buying_price": "30.00", "quantity": 1, "attendant": 5, "timestamp": "2026-05-30T07:00:30.159Z"}}, {"model": "core.sale", "pk": 9, "fields": {"product": 7, "product_name": "SHOPPING BAG", "selling_price": "50.00", "buying_price": "35.00", "quantity": 1, "attendant": 5, "timestamp": "2026-07-06T06:57:24.663Z"}}, {"model": "core.sale", "pk": 10, "fields": {"product": 4, "product_name": "SUN GLASSES", "selling_price": "100.00", "buying_price": "30.00", "quantity": 2, "attendant": 5, "timestamp": "2026-07-13T06:33:58.586Z"}}, {"model": "core.stockreconciliation", "pk": 1, "fields": {"product": 1, "product_name": "BLUETOTH SPEAKER", "system_count": 1, "physical_count": 1, "discrepancy": 0, "reconciliation_type": "matched", "notes": "", "recorded_by": null, "timestamp": "2026-05-28T07:26:39.592Z"}}]
